Country,Year,Trade (%),GDP,Population,Continent
Albania,2010,76.54,10749,2948029,Europe
Albania,2011,81.22,11053,2928601,Europe
Albania,2012,76.51,11228,2914091,Europe
Albania,2013,75.87,11361,2903788,Europe
Albania,2014,75.41,11587,2896307,Europe
Albania,2015,71.80,11878,2890524,Europe
Albania,2016,74.81,12292,2886427,Europe
Albania,2017,78.19,12771,2884169,Europe
Albania,2018,76.86,13324,2882735,Europe
Algeria,2010,69.87,10971,35977451,Africa
Algeria,2011,67.47,11078,36661438,Africa
Algeria,2012,65.40,11234,37383899,Africa
Algeria,2013,63.61,11319,38140135,Africa
Algeria,2014,62.41,11513,38923688,Africa
Algeria,2015,59.70,11697,39728020,Africa
Algeria,2016,55.93,11826,40551398,Africa
Algeria,2017,55.32,11737,41389174,Africa
Algeria,2018,57.90,11642,42228415,Africa
Angola,2010,104.12,7692,23356247,Africa
Angola,2011,99.98,7675,24220660,Africa
Angola,2012,91.80,8037,25107925,Africa
Angola,2013,86.81,8141,26015786,Africa
Angola,2014,79.33,8240,26941773,Africa
Angola,2015,62.89,8036,27884380,Africa
Angola,2016,53.37,7569,28842482,Africa
Angola,2017,52.26,7311,29816769,Africa
Angola,2018,66.38,6933,30809787,Africa
Antigua and Barbuda,2010,152.85,18206,88030,North America
Antigua and Barbuda,2011,152.38,17605,89250,North America
Antigua and Barbuda,2012,151.53,17966,90407,North America
Antigua and Barbuda,2013,156.21,17643,91510,North America
Antigua and Barbuda,2014,156.15,18104,92562,North America
Antigua and Barbuda,2015,139.79,18594,93571,North America
Antigua and Barbuda,2016,136.87,19420,94520,North America
Antigua and Barbuda,2017,133.87,19840,95425,North America
Antigua and Barbuda,2018,135.11,21030,96282,North America
Argentina,2010,34.97,23521,40895751,South America
Argentina,2011,35.21,24648,41320497,South America
Argentina,2012,30.53,24119,41755188,South America
Argentina,2013,29.33,24424,42196034,South America
Argentina,2014,28.41,23550,42637508,South America
Argentina,2015,22.49,23934,43075416,South America
Argentina,2016,26.09,23190,43508459,South America
Argentina,2017,25.29,23597,43937143,South America
Argentina,2018,31.17,22759,44361150,South America
Armenia,2010,64.64,9286,2877314,Asia
Armenia,2011,69.44,9725,2876536,Asia
Armenia,2012,75.96,10398,2884239,Asia
Armenia,2013,77.56,10691,2897593,Asia
Armenia,2014,75.78,11020,2912403,Asia
Armenia,2015,71.68,11321,2925559,Asia
Armenia,2016,76.08,11303,2936147,Asia
Armenia,2017,87.20,12115,2944789,Asia
Armenia,2018,92.47,12715,2951741,Asia
Aruba,2010,138.61,34343,101665,South America
Aruba,2011,151.60,35393,102050,South America
Aruba,2012,147.67,34732,102565,South America
Aruba,2013,161.89,35980,103165,South America
Aruba,2014,162.88,35876,103776,South America
Aruba,2015,145.83,37716,104339,South America
Aruba,2016,142.24,38315,104865,South America
Aruba,2017,143.80,38897,105361,South America
Aruba,2018,148.43,39921,105846,South America
Australia,2010,40.65,44992,22154687,Oceania
Australia,2011,41.91,45464,22538002,Oceania
Australia,2012,43.21,46427,22903951,Oceania
Australia,2013,41.21,46815,23254912,Oceania
Australia,2014,42.51,47290,23596426,Oceania
Australia,2015,41.49,47636,23932499,Oceania
Australia,2016,40.78,48197,24262710,Oceania
Australia,2017,41.82,48483,24584619,Oceania
Australia,2018,43.26,49152,24898153,Oceania
Austria,2010,99.02,51769,8409945,Europe
Austria,2011,105.10,53103,8453501,Europe
Austria,2012,105.15,53221,8502230,Europe
Austria,2013,104.07,52922,8556191,Europe
Austria,2014,103.50,52857,8615205,Europe
Austria,2015,102.43,52798,8678667,Europe
Austria,2016,100.98,53269,8747306,Europe
Austria,2017,104.94,54170,8819902,Europe
Austria,2018,108.11,55298,8891383,Europe
Azerbaijan,2010,74.99,14313,9032465,Asia
Azerbaijan,2011,80.51,13905,9146277,Asia
Azerbaijan,2012,78.26,14024,9264684,Asia
Azerbaijan,2013,74.68,14653,9385467,Asia
Azerbaijan,2014,69.48,14876,9505616,Asia
Azerbaijan,2015,72.60,14854,9622741,Asia
Azerbaijan,2016,90.08,14239,9736041,Asia
Azerbaijan,2017,90.40,14121,9845316,Asia
Azerbaijan,2018,91.67,14210,9949537,Asia
Bahamas,2010,78.68,36504,354936,North America
Bahamas,2011,88.33,36254,359583,North America
Bahamas,2012,84.25,36962,363581,North America
Bahamas,2013,84.94,35621,367162,North America
Bahamas,2014,86.77,35660,370625,North America
Bahamas,2015,76.17,35401,374200,North America
Bahamas,2016,73.92,35558,377923,North America
Bahamas,2017,76.34,36298,381749,North America
Bahamas,2018,77.80,37020,385635,North America
Bahrain,2010,120.47,44600,1240864,Asia
Bahrain,2011,174.16,44157,1278153,Asia
Bahrain,2012,185.88,45036,1299942,Asia
Bahrain,2013,191.87,46931,1315029,Asia
Bahrain,2014,175.57,48201,1336073,Asia
Bahrain,2015,154.93,48111,1371853,Asia
Bahrain,2016,139.62,47938,1425793,Asia
Bahrain,2017,143.09,47710,1494077,Asia
Bahrain,2018,151.41,46200,1569440,Asia
Bangladesh,2010,37.80,2883,147575433,Asia
Bangladesh,2011,47.42,3035,149273134,Asia
Bangladesh,2012,48.11,3196,151005733,Asia
Bangladesh,2013,46.30,3349,152761413,Asia
Bangladesh,2014,44.51,3512,154517385,Asia
Bangladesh,2015,42.09,3700,156256287,Asia
Bangladesh,2016,37.95,3920,157977151,Asia
Bangladesh,2017,35.30,4161,159685421,Asia
Bangladesh,2018,38.24,4441,161376713,Asia
Barbados,2010,95.91,15597,282131,North America
Barbados,2011,93.47,15445,282987,North America
Barbados,2012,89.76,15336,283698,North America
Barbados,2013,87.88,15088,284294,North America
Barbados,2014,85.35,15042,284825,North America
Barbados,2015,84.53,15383,285327,North America
Barbados,2016,85.27,15738,285798,North America
Barbados,2017,82.91,15789,286229,North America
Barbados,2018,80.99,15675,286640,North America
Belarus,2010,115.92,17288,9420576,Europe
Belarus,2011,157.97,18252,9415316,Europe
Belarus,2012,153.09,18577,9417045,Europe
Belarus,2013,119.82,18760,9423502,Europe
Belarus,2014,110.65,19067,9431742,Europe
Belarus,2015,115.91,18308,9439424,Europe
Belarus,2016,125.21,17823,9445638,Europe
Belarus,2017,133.37,18280,9450233,Europe
Belarus,2018,139.39,18885,9452615,Europe
Belgium,2010,150.00,47972,10938735,Europe
Belgium,2011,161.49,48154,11013860,Europe
Belgium,2012,160.75,48210,11085355,Europe
Belgium,2013,157.85,48204,11154008,Europe
Belgium,2014,158.78,48748,11221225,Europe
Belgium,2015,154.19,49455,11287931,Europe
Belgium,2016,157.67,49829,11354407,Europe
Belgium,2017,165.33,50442,11419752,Europe
Belgium,2018,166.25,51111,11482180,Europe
Belize,2010,117.70,7295,322465,North America
Belize,2011,126.95,7260,330236,North America
Belize,2012,128.26,7264,338001,North America
Belize,2013,131.95,7195,345707,North America
Belize,2014,127.24,7323,353366,North America
Belize,2015,125.23,7359,360926,North America
Belize,2016,113.31,7207,368399,North America
Belize,2017,112.07,7194,375775,North America
Belize,2018,113.01,7262,383071,North America
Benin,2010,51.43,2705,9199254,Africa
Benin,2011,47.22,2708,9460829,Africa
Benin,2012,50.74,2760,9729254,Africa
Benin,2013,59.20,2877,10004594,Africa
Benin,2014,65.27,2976,10286839,Africa
Benin,2015,56.76,2946,10575962,Africa
Benin,2016,58.99,2961,10872072,Africa
Benin,2017,61.48,3045,11175192,Africa
Benin,2018,61.84,3161,11485035,Africa
Bermuda,2010,74.60,88400,65388,North America
Bermuda,2011,76.27,85829,65075,North America
Bermuda,2012,73.78,80982,64736,North America
Bermuda,2013,76.27,80504,64381,North America
Bermuda,2014,76.52,77361,64038,North America
Bermuda,2015,73.30,77843,63695,North America
Bermuda,2016,72.75,78149,63360,North America
Bermuda,2017,72.39,81835,63040,North America
Bermuda,2018,77.12,81422,62763,North America
Bhutan,2010,115.92,8191,685502,Asia
Bhutan,2011,114.40,8745,693297,Asia
Bhutan,2012,104.19,9084,701582,Asia
Bhutan,2013,105.20,9164,710235,Asia
Bhutan,2014,98.31,9574,719053,Asia
Bhutan,2015,102.19,10086,727885,Asia
Bhutan,2016,85.41,10775,736706,Asia
Bhutan,2017,82.81,11142,745563,Asia
Bhutan,2018,86.70,11348,754396,Asia
Bolivia,2010,75.51,6613,10048597,South America
Bolivia,2011,82.48,6845,10212951,South America
Bolivia,2012,84.95,7081,10377677,South America
Bolivia,2013,81.23,7444,10542375,South America
Bolivia,2014,85.26,7731,10706517,South America
Bolivia,2015,67.93,7984,10869732,South America
Bolivia,2016,56.40,8203,11031822,South America
Bolivia,2017,56.70,8424,11192853,South America
Bolivia,2018,57.11,8656,11353140,South America
Bosnia and Herzegovina,2010,80.97,10938,3705478,Europe
Bosnia and Herzegovina,2011,87.84,11177,3661173,Europe
Bosnia and Herzegovina,2012,88.15,11258,3604972,Europe
Bosnia and Herzegovina,2013,87.93,11725,3542598,Europe
Bosnia and Herzegovina,2014,90.55,12067,3482106,Europe
Bosnia and Herzegovina,2015,89.34,12631,3429362,Europe
Bosnia and Herzegovina,2016,89.31,13194,3386263,Europe
Bosnia and Herzegovina,2017,97.96,13754,3351534,Europe
Bosnia and Herzegovina,2018,99.77,14387,3323929,Europe
Botswana,2010,94.90,14126,1987106,Africa
Botswana,2011,103.55,14770,2015406,Africa
Botswana,2012,110.65,15246,2039551,Africa
Botswana,2013,122.55,16786,2062551,Africa
Botswana,2014,113.88,17264,2088619,Africa
Botswana,2015,105.93,16714,2120716,Africa
Botswana,2016,96.76,17117,2159925,Africa
Botswana,2017,75.60,17254,2205076,Africa
Botswana,2018,79.51,17635,2254067,Africa
Brazil,2010,22.77,14873,195713637,South America
Brazil,2011,23.93,15323,197514541,South America
Brazil,2012,25.11,15479,199287292,South America
Brazil,2013,25.79,15805,201035904,South America
Brazil,2014,24.69,15750,202763744,South America
Brazil,2015,26.95,15064,204471759,South America
Brazil,2016,24.53,14451,206163056,South America
Brazil,2017,24.32,14525,207833825,South America
Brazil,2018,28.88,14668,209469320,South America
Brunei,2010,95.37,67753,388634,Asia
Brunei,2011,99.54,69389,393687,Asia
Brunei,2012,105.64,69090,398997,Asia
Brunei,2013,110.94,66716,404414,Asia
Brunei,2014,102.42,64191,409778,Asia
Brunei,2015,89.89,63147,414914,Asia
Brunei,2016,87.32,60867,419791,Asia
Brunei,2017,85.18,60995,424481,Asia
Brunei,2018,93.90,60389,428960,Asia
Bulgaria,2010,103.67,17441,7425011,Europe
Bulgaria,2011,117.83,17966,7378652,Europe
Bulgaria,2012,124.49,18135,7334007,Europe
Bulgaria,2013,130.06,18296,7290092,Europe
Bulgaria,2014,130.59,18747,7245648,Europe
Bulgaria,2015,126.98,19620,7199739,Europe
Bulgaria,2016,123.14,20513,7151948,Europe
Bulgaria,2017,130.22,21387,7102452,Europe
Bulgaria,2018,129.09,22208,7051610,Europe
Burkina Faso,2010,49.07,1716,15605211,Africa
Burkina Faso,2011,57.50,1776,16081915,Africa
Burkina Faso,2012,61.24,1835,16571252,Africa
Burkina Faso,2013,64.04,1884,17072791,Africa
Burkina Faso,2014,58.82,1908,17586029,Africa
Burkina Faso,2015,59.09,1925,18110616,Africa
Burkina Faso,2016,57.89,1981,18646350,Africa
Burkina Faso,2017,59.27,2044,19193236,Africa
Burkina Faso,2018,60.30,2120,19751466,Africa
Burundi,2010,39.50,846,8675606,Africa
Burundi,2011,43.00,853,8958406,Africa
Burundi,2012,43.70,863,9245992,Africa
Burundi,2013,46.60,877,9540302,Africa
Burundi,2014,41.76,886,9844301,Africa
Burundi,2015,32.54,825,10160034,Africa
Burundi,2016,31.74,795,10488002,Africa
Burundi,2017,34.40,774,10827010,Africa
Burundi,2018,39.21,762,11175379,Africa
Cambodia,2010,113.60,2717,14312205,Asia
Cambodia,2011,113.58,2863,14541421,Asia
Cambodia,2012,120.60,3023,14780454,Asia
Cambodia,2013,130.05,3192,15026330,Asia
Cambodia,2014,129.61,3364,15274506,Asia
Cambodia,2015,127.86,3546,15521435,Asia
Cambodia,2016,126.95,3734,15766290,Asia
Cambodia,2017,124.79,3928,16009413,Asia
Cambodia,2018,124.90,4159,16249795,Asia
Cameroon,2010,49.12,3086,20341236,Africa
Cameroon,2011,56.94,3127,20906392,Africa
Cameroon,2012,56.39,3181,21485267,Africa
Cameroon,2013,55.61,3263,22077300,Africa
Cameroon,2014,55.06,3363,22681853,Africa
Cameroon,2015,49.87,3459,23298376,Africa
Cameroon,2016,43.20,3524,23926549,Africa
Cameroon,2017,41.19,3555,24566070,Africa
Cameroon,2018,43.01,3604,25216261,Africa
Canada,2010,60.21,44862,34147566,North America
Canada,2011,62.50,45823,34539156,North America
Canada,2012,62.60,46127,34922031,North America
Canada,2013,62.23,46705,35296535,North America
Canada,2014,64.38,47565,35664338,North America
Canada,2015,66.16,47522,36026668,North America
Canada,2016,65.36,47458,36382942,North America
Canada,2017,65.10,48317,36732091,North America
Canada,2018,66.58,48797,37074558,North America
Cape Verde,2010,94.44,6200,492644,Africa
Cape Verde,2011,99.85,6366,498858,Africa
Cape Verde,2012,100.28,6354,505241,Africa
Cape Verde,2013,95.34,6323,511740,Africa
Cape Verde,2014,101.05,6282,518275,Africa
Cape Verde,2015,104.07,6267,524740,Africa
Cape Verde,2016,104.19,6483,531140,Africa
Cape Verde,2017,113.30,6643,537499,Africa
Cape Verde,2018,117.27,6864,543764,Africa
Central African Republic,2010,34.43,1201,4386765,Africa
Central African Republic,2011,34.48,1243,4418639,Africa
Central African Republic,2012,33.06,1300,4436411,Africa
Central African Republic,2013,38.40,825,4447945,Africa
Central African Republic,2014,53.10,823,4464171,Africa
Central African Republic,2015,53.15,853,4493171,Africa
Central African Republic,2016,50.53,884,4537683,Africa
Central African Republic,2017,57.14,913,4596023,Africa
Central African Republic,2018,65.86,933,4666375,Africa
Chad,2010,80.39,1733,11952134,Africa
Chad,2011,80.68,1677,12360986,Africa
Chad,2012,80.58,1765,12784748,Africa
Chad,2013,72.65,1804,13220433,Africa
Chad,2014,76.63,1866,13663562,Africa
Chad,2015,66.56,1857,14110971,Africa
Chad,2016,63.30,1687,14561658,Africa
Chad,2017,73.58,1587,15016761,Africa
Chad,2018,74.20,1576,15477727,Africa
Chile,2010,69.06,21262,17062531,South America
Chile,2011,72.21,22338,17233584,South America
Chile,2012,68.27,23300,17400359,South America
Chile,2013,64.97,24007,17571511,South America
Chile,2014,65.27,24173,17758969,South America
Chile,2015,58.97,24440,17969356,South America
Chile,2016,55.69,24531,18209072,South America
Chile,2017,55.65,24471,18470435,South America
Chile,2018,57.32,25029,18729166,South America
China,2010,50.72,8885,1368810604,Asia
China,2011,50.74,9687,1376497633,Asia
China,2012,48.27,10398,1384206408,Asia
China,2013,46.74,11150,1391883335,Asia
China,2014,44.91,11917,1399453966,Asia
China,2015,39.46,12692,1406847868,Asia
China,2016,36.89,13488,1414049353,Asia
China,2017,37.63,14344,1421021794,Asia
China,2018,37.46,15243,1427647789,Asia
Colombia,2010,34.26,11783,45222699,South America
Colombia,2011,39.47,12481,45662747,South America
Colombia,2012,38.84,12853,46075721,South America
Colombia,2013,37.99,13390,46495492,South America
Colombia,2014,37.49,13852,46967706,South America
Colombia,2015,38.36,14096,47520667,South America
Colombia,2016,36.20,14195,48175048,South America
Colombia,2017,35.28,14171,48909844,South America
Colombia,2018,36.53,14315,49661056,South America
Comoros,2010,39.55,2878,689696,Africa
Comoros,2011,40.00,2925,706578,Africa
Comoros,2012,40.81,2946,723865,Africa
Comoros,2013,39.24,3006,741511,Africa
Comoros,2014,39.24,2996,759390,Africa
Comoros,2015,37.80,2959,777435,Africa
Comoros,2016,37.13,2988,795597,Africa
Comoros,2017,40.16,3032,813890,Africa
Comoros,2018,43.09,3067,832322,Africa
Congo,2010,124.06,5173,4273738,Africa
Congo,2011,124.59,5141,4394842,Africa
Congo,2012,97.44,5508,4510197,Africa
Congo,2013,93.00,5336,4622757,Africa
Congo,2014,104.23,5557,4736965,Africa
Congo,2015,122.69,5228,4856093,Africa
Congo,2016,131.52,4551,4980996,Africa
Congo,2017,113.03,4242,5110701,Africa
Congo,2018,120.28,3933,5244363,Africa
Costa Rica,2010,67.51,16830,4577371,North America
Costa Rica,2011,68.64,17360,4633086,North America
Costa Rica,2012,67.05,17995,4688003,North America
Costa Rica,2013,64.07,18233,4742111,North America
Costa Rica,2014,65.19,18669,4795390,North America
Costa Rica,2015,60.75,19142,4847805,North America
Costa Rica,2016,62.18,19737,4899336,North America
Costa Rica,2017,65.07,20347,4949955,North America
Costa Rica,2018,66.08,20560,4999443,North America
Cote d'Ivoire,2010,93.96,3661,20532944,Africa
Cote d'Ivoire,2011,91.15,3418,21028652,Africa
Cote d'Ivoire,2012,93.67,3693,21547188,Africa
Cote d'Ivoire,2013,80.13,3923,22087506,Africa
Cote d'Ivoire,2014,73.65,4162,22647672,Africa
Cote d'Ivoire,2015,52.72,4417,23226148,Africa
Cote d'Ivoire,2016,47.52,4616,23822726,Africa
Cote d'Ivoire,2017,48.54,4831,24437475,Africa
Cote d'Ivoire,2018,46.07,5033,25069226,Africa
Croatia,2010,73.90,24281,4328163,Europe
Croatia,2011,79.23,24316,4313098,Europe
Croatia,2012,80.57,23807,4295869,Europe
Croatia,2013,82.69,23767,4276593,Europe
Croatia,2014,86.97,23783,4255518,Europe
Croatia,2015,92.54,24562,4232874,Europe
Croatia,2016,94.12,25600,4208611,Europe
Croatia,2017,99.15,26800,4182846,Europe
Croatia,2018,101.25,27800,4156407,Europe
Cuba,2010,40.29,28543,11225833,North America
Cuba,2011,46.96,28313,11236671,North America
Cuba,2012,45.87,28040,11257112,North America
Cuba,2013,44.32,27504,11282722,North America
Cuba,2014,39.27,26827,11306909,North America
Cuba,2015,31.61,26549,11324777,North America
Cuba,2016,27.27,26010,11335108,North America
Cuba,2017,26.22,25475,11339255,North America
Cuba,2018,27.09,25055,11338146,North America
Cyprus,2010,109.10,38379,1112617,Europe
Cyprus,2011,110.82,37562,1124837,Europe
Cyprus,2012,112.54,35719,1135046,Europe
Cyprus,2013,121.14,33456,1143866,Europe
Cyprus,2014,131.12,33208,1152297,Europe
Cyprus,2015,137.59,34472,1160987,Europe
Cyprus,2016,139.38,36524,1170189,Europe
Cyprus,2017,147.38,38051,1179685,Europe
Cyprus,2018,148.91,39559,1189262,Europe
Czechia,2010,128.03,33483,10536514,Europe
Czechia,2011,137.86,34002,10566512,Europe
Czechia,2012,146.53,33688,10581302,Europe
Czechia,2013,146.42,33661,10586529,Europe
Czechia,2014,157.57,34387,10591104,Europe
Czechia,2015,155.18,36168,10601390,Europe
Czechia,2016,150.59,37015,10618868,Europe
Czechia,2017,150.53,38825,10641032,Europe
Czechia,2018,147.98,39933,10665679,Europe
Democratic Republic of Congo,2010,90.75,866,64563853,Africa
Democratic Republic of Congo,2011,85.20,895,66755151,Africa
Democratic Republic of Congo,2012,68.35,927,69020749,Africa
Democratic Republic of Congo,2013,77.47,972,71358804,Africa
Democratic Republic of Congo,2014,78.69,1030,73767445,Africa
Democratic Republic of Congo,2015,59.33,1065,76244532,Africa
Democratic Republic of Congo,2016,55.93,1056,78789130,Africa
Democratic Republic of Congo,2017,74.29,1060,81398765,Africa
Democratic Republic of Congo,2018,72.29,1086,84068092,Africa
Denmark,2010,94.10,50825,5554849,Europe
Denmark,2011,101.25,51293,5582980,Europe
Denmark,2012,103.24,51216,5610909,Europe
Denmark,2013,103.05,51479,5638152,Europe
Denmark,2014,102.26,52048,5664199,Europe
Denmark,2015,104.05,52893,5688695,Europe
Denmark,2016,100.17,54185,5711346,Europe
Denmark,2017,102.98,55357,5732277,Europe
Denmark,2018,106.71,56281,5752131,Europe
Dominica,2010,92.11,12004,70877,North America
Dominica,2011,94.34,11971,70912,North America
Dominica,2012,87.72,11837,70954,North America
Dominica,2013,87.07,11708,71019,North America
Dominica,2014,85.06,12217,71091,North America
Dominica,2015,108.59,11874,71175,North America
Dominica,2016,102.50,12155,71307,North America
Dominica,2017,104.48,11304,71460,North America
Dominica,2018,108.13,11537,71626,North America
Dominican Republic,2010,56.00,12782,9695117,North America
Dominican Republic,2011,58.99,13024,9813219,North America
Dominican Republic,2012,58.39,13220,9930916,North America
Dominican Republic,2013,56.68,13702,10048226,North America
Dominican Republic,2014,55.50,14500,10165182,North America
Dominican Republic,2015,52.17,15328,10281675,North America
Dominican Republic,2016,51.59,16167,10397738,North America
Dominican Republic,2017,50.23,16735,10513111,North America
Dominican Republic,2018,52.06,17712,10627147,North America
Ecuador,2010,60.30,10341,15011114,South America
Ecuador,2011,64.49,10984,15243885,South America
Ecuador,2012,61.75,11431,15474099,South America
Ecuador,2013,59.61,11819,15707473,South America
Ecuador,2014,57.71,12078,15951832,South America
Ecuador,2015,45.24,11896,16212022,South America
Ecuador,2016,38.52,11552,16491116,South America
Ecuador,2017,42.42,11618,16785356,South America
Ecuador,2018,46.36,11562,17084359,South America
Egypt,2010,47.94,10340,82761244,Asia
Egypt,2011,45.26,10302,84529251,Asia
Egypt,2012,40.71,10301,86422240,Asia
Egypt,2013,40.37,10290,88404652,Asia
Egypt,2014,36.92,10354,90424668,Asia
Egypt,2015,34.85,10570,92442549,Asia
Egypt,2016,30.25,10796,94447071,Asia
Egypt,2017,45.13,11014,96442590,Asia
Egypt,2018,48.28,11366,98423602,Asia
El Salvador,2010,73.54,7329,6183877,North America
El Salvador,2011,79.28,7576,6210567,North America
El Salvador,2012,77.65,7755,6237922,North America
El Salvador,2013,80.45,7892,6266076,North America
El Salvador,2014,78.10,7990,6295124,North America
El Salvador,2015,76.56,8143,6325121,North America
El Salvador,2016,72.82,8309,6356137,North America
El Salvador,2017,74.30,8454,6388124,North America
El Salvador,2018,75.63,8614,6420740,North America
Estonia,2010,142.50,26133,1332103,Europe
Estonia,2011,165.88,28160,1327701,Europe
Estonia,2012,169.49,29140,1323163,Europe
Estonia,2013,165.38,29637,1319068,Europe
Estonia,2014,159.20,30603,1316273,Europe
Estonia,2015,149.84,31147,1315330,Europe
Estonia,2016,149.15,32130,1316507,Europe
Estonia,2017,147.32,33856,1319389,Europe
Estonia,2018,145.66,35208,1322913,Europe
Eswatini,2010,106.67,7459,1064841,Africa
Eswatini,2011,80.76,7576,1072029,Africa
Eswatini,2012,79.66,7930,1079285,Africa
Eswatini,2013,86.80,8179,1086843,Africa
Eswatini,2014,88.35,8193,1095022,Africa
Eswatini,2015,84.10,8305,1104038,Africa
Eswatini,2016,86.65,8321,1113994,Africa
Eswatini,2017,87.80,8408,1124808,Africa
Eswatini,2018,84.77,8521,1136274,Africa
Ethiopia,2010,52.35,1259,87639962,Africa
Ethiopia,2011,48.23,1361,90139928,Africa
Ethiopia,2012,45.40,1437,92726982,Africa
Ethiopia,2013,41.47,1545,95385793,Africa
Ethiopia,2014,40.74,1657,98094264,Africa
Ethiopia,2015,39.66,1779,100835453,Africa
Ethiopia,2016,34.90,1895,103603461,Africa
Ethiopia,2017,31.10,2022,106399926,Africa
Ethiopia,2018,31.20,2104,109224410,Africa
Fiji,2010,121.23,10548,859816,Oceania
Fiji,2011,124.48,10788,863451,Oceania
Fiji,2012,125.29,10919,865065,Oceania
Fiji,2013,126.35,11429,865602,Oceania
Fiji,2014,110.86,12058,866447,Oceania
Fiji,2015,100.94,12569,868632,Oceania
Fiji,2016,97.17,12821,872406,Oceania
Fiji,2017,96.93,13429,877460,Oceania
Fiji,2018,103.44,13846,883490,Oceania
Finland,2010,75.46,45875,5365784,Europe
Finland,2011,78.58,46826,5390036,Europe
Finland,2012,79.17,45952,5414769,Europe
Finland,2013,77.09,45329,5438984,Europe
Finland,2014,74.11,44977,5461410,Europe
Finland,2015,71.38,45073,5481128,Europe
Finland,2016,70.90,46207,5497714,Europe
Finland,2017,75.05,47570,5511372,Europe
Finland,2018,78.12,48130,5522585,Europe
France,2010,54.87,42148,62879535,Europe
France,2011,58.79,42864,63222229,Europe
France,2012,59.70,42791,63564224,Europe
France,2013,59.76,42816,63893521,Europe
France,2014,60.48,43021,64193550,Europe
France,2015,61.75,43346,64453194,Europe
France,2016,61.10,43705,64667590,Europe
France,2017,62.96,44577,64842513,Europe
France,2018,64.48,45252,64990512,Europe
Gabon,2010,89.16,14415,1624146,Africa
Gabon,2011,90.50,14883,1684629,Africa
Gabon,2012,92.34,15083,1749677,Africa
Gabon,2013,90.64,15342,1817070,Africa
Gabon,2014,73.52,15437,1883801,Africa
Gabon,2015,73.95,15510,1947690,Africa
Gabon,2016,70.13,15360,2007882,Africa
Gabon,2017,75.07,15007,2064812,Africa
Gabon,2018,73.39,14744,2119275,Africa
Gambia,2010,41.01,2347,1793199,Africa
Gambia,2011,42.64,2092,1848142,Africa
Gambia,2012,47.70,2136,1905020,Africa
Gambia,2013,45.46,2131,1963708,Africa
Gambia,2014,58.26,2039,2024037,Africa
Gambia,2015,52.94,2059,2085860,Africa
Gambia,2016,46.02,2037,2149134,Africa
Gambia,2017,53.32,2073,2213900,Africa
Gambia,2018,63.11,2158,2280092,Africa
Georgia,2010,82.90,9737,4099095,North America
Georgia,2011,87.55,10541,4081012,North America
Georgia,2012,91.94,11296,4064097,North America
Georgia,2013,95.60,11740,4048701,North America
Georgia,2014,96.77,12255,4035310,North America
Georgia,2015,98.77,12605,4024180,North America
Georgia,2016,96.83,12964,4015457,North America
Georgia,2017,104.04,13590,4008723,North America
Georgia,2018,111.76,14253,4002946,North America
Germany,2010,79.87,46930,80827001,Europe
Germany,2011,85.21,49685,80855629,Europe
Germany,2012,86.51,49799,80972629,Europe
Germany,2013,85.08,49881,81174373,Europe
Germany,2014,84.62,50771,81450370,Europe
Germany,2015,86.25,51084,81787411,Europe
Germany,2016,84.77,51803,82193770,Europe
Germany,2017,87.41,52953,82658409,Europe
Germany,2018,88.60,53463,83124413,Europe
Ghana,2010,75.38,3729,24779614,Africa
Ghana,2011,86.30,4151,25387713,Africa
Ghana,2012,93.17,4431,25996454,Africa
Ghana,2013,61.28,4646,26607641,Africa
Ghana,2014,67.62,4670,27224480,Africa
Ghana,2015,77.28,4662,27849203,Africa
Ghana,2016,70.01,4713,28481947,Africa
Ghana,2017,73.84,4984,29121464,Africa
Ghana,2018,71.94,5178,29767108,Africa
Greece,2010,51.20,33754,10887640,Europe
Greece,2011,56.83,30373,10829074,Europe
Greece,2012,62.06,28375,10781119,Europe
Greece,2013,62.97,27798,10740501,Europe
Greece,2014,66.48,28179,10701460,Europe
Greece,2015,65.37,28248,10659737,Europe
Greece,2016,64.11,28227,10615183,Europe
Greece,2017,71.48,28645,10569449,Europe
Greece,2018,80.03,29151,10522244,Europe
Grenada,2010,73.06,13413,106227,North America
Grenada,2011,75.99,13445,106786,North America
Grenada,2012,75.28,13207,107452,North America
Grenada,2013,75.78,13428,108172,North America
Grenada,2014,106.58,14317,108900,North America
Grenada,2015,102.08,15142,109603,North America
Grenada,2016,99.32,15614,110263,North America
Grenada,2017,106.04,16217,110874,North America
Grenada,2018,111.77,16802,111449,North America
Guatemala,2010,63.13,7336,14630420,North America
Guatemala,2011,65.05,7504,14948792,North America
Guatemala,2012,61.96,7591,15270774,North America
Guatemala,2013,56.69,7734,15595821,North America
Guatemala,2014,55.08,7939,15923238,North America
Guatemala,2015,49.89,8126,16252425,North America
Guatemala,2016,46.37,8206,16583079,North America
Guatemala,2017,46.07,8322,16914979,North America
Guatemala,2018,47.09,8462,17247855,North America
Guinea,2010,73.55,1871,10192168,Africa
Guinea,2011,85.95,1933,10420459,Africa
Guinea,2012,86.67,2002,10652032,Africa
Guinea,2013,80.43,2035,10892821,Africa
Guinea,2014,76.77,2062,11150970,Africa
Guinea,2015,72.44,2088,11432096,Africa
Guinea,2016,111.84,2253,11738434,Africa
Guinea,2017,101.25,2418,12067516,Africa
Guinea,2018,88.98,2500,12414292,Africa
Guinea-Bissau,2010,50.13,1747,1522603,Africa
Guinea-Bissau,2011,56.62,1840,1562996,Africa
Guinea-Bissau,2012,41.17,1761,1604981,Africa
Guinea-Bissau,2013,44.08,1770,1648259,Africa
Guinea-Bissau,2014,51.59,1741,1692433,Africa
Guinea-Bissau,2015,59.78,1800,1737207,Africa
Guinea-Bissau,2016,57.81,1864,1782434,Africa
Guinea-Bissau,2017,60.85,1925,1828146,Africa
Guinea-Bissau,2018,56.02,1902,1874304,Africa
Haiti,2010,43.51,2735,9949318,North America
Haiti,2011,44.16,2860,10100320,North America
Haiti,2012,40.26,2834,10250922,North America
Haiti,2013,41.46,2879,10400672,North America
Haiti,2014,43.37,2935,10549007,North America
Haiti,2015,41.99,2942,10695540,North America
Haiti,2016,42.22,2953,10839976,North America
Haiti,2017,43.94,2981,10982367,North America
Haiti,2018,46.38,2992,11123183,North America
Honduras,2010,109.44,4867,8317467,North America
Honduras,2011,122.22,4956,8480670,North America
Honduras,2012,121.19,5065,8640692,North America
Honduras,2013,116.31,5113,8798524,North America
Honduras,2014,112.98,5177,8955579,North America
Honduras,2015,107.26,5283,9112904,North America
Honduras,2016,99.82,5396,9270794,North America
Honduras,2017,101.81,5562,9429016,North America
Honduras,2018,103.55,5680,9587523,North America
Hong Kong,2010,404.77,51361,6966324,Asia
Hong Kong,2011,421.85,53473,7006598,Asia
Hong Kong,2012,430.57,53785,7046847,Asia
Hong Kong,2013,442.62,55231,7088780,Asia
Hong Kong,2014,425.98,56359,7134668,Asia
Hong Kong,2015,389.41,57216,7185992,Asia
Hong Kong,2016,371.75,58096,7243541,Asia
Hong Kong,2017,376.83,59849,7306315,Asia
Hong Kong,2018,376.93,61063,7371728,Asia
Hungary,2010,157.27,24428,9927380,Europe
Hungary,2011,166.29,24971,9895689,Europe
Hungary,2012,165.45,24754,9864363,Europe
Hungary,2013,164.17,25284,9833923,Europe
Hungary,2014,168.24,26425,9804991,Europe
Hungary,2015,167.24,27499,9777925,Europe
Hungary,2016,164.31,28171,9752970,Europe
Hungary,2017,165.20,29465,9729822,Europe
Hungary,2018,163.37,31096,9707502,Europe
Iceland,2010,93.65,47458,320342,Europe
Iceland,2011,101.41,48186,323471,Europe
Iceland,2012,104.09,48440,325642,Europe
Iceland,2013,98.79,50169,327194,Europe
Iceland,2014,96.67,50451,328592,Europe
Iceland,2015,95.82,52143,330237,Europe
Iceland,2016,88.33,54666,332209,Europe
Iceland,2017,86.98,55638,334395,Europe
Iceland,2018,89.94,56722,336712,Europe
India,2010,49.26,4235,1234281163,Asia
India,2011,55.62,4400,1250287939,Asia
India,2012,55.79,4583,1265780243,Asia
India,2013,53.84,4819,1280842119,Asia
India,2014,48.92,5117,1295600768,Asia
India,2015,41.92,5464,1310152392,Asia
India,2016,40.08,5851,1324517250,Asia
India,2017,40.74,6183,1338676779,Asia
India,2018,43.60,6519,1352642283,Asia
Indonesia,2010,46.70,8287,241834226,Asia
Indonesia,2011,50.18,8680,245115988,Asia
Indonesia,2012,49.58,9080,248451714,Asia
Indonesia,2013,48.64,9457,251805314,Asia
Indonesia,2014,48.08,9801,255128076,Asia
Indonesia,2015,41.94,10150,258383257,Asia
Indonesia,2016,37.42,10531,261556386,Asia
Indonesia,2017,39.36,10936,264650968,Asia
Indonesia,2018,43.07,11372,267670549,Asia
Iran,2010,43.77,13806,73762519,Asia
Iran,2011,43.19,14005,74634959,Asia
Iran,2012,47.37,12807,75539881,Asia
Iran,2013,50.33,12625,76481963,Asia
Iran,2014,44.60,13039,77465769,Asia
Iran,2015,39.02,12698,78492208,Asia
Iran,2016,43.21,14205,79563991,Asia
Iran,2017,48.78,14536,80673888,Asia
Iran,2018,65.05,13472,81800204,Asia
Iraq,2010,73.50,8749,29741977,Asia
Iraq,2011,72.17,9108,30725305,Asia
Iraq,2012,73.61,9998,31890012,Asia
Iraq,2013,67.41,10349,33157061,Asia
Iraq,2014,68.98,9992,34411949,Asia
Iraq,2015,69.59,10122,35572269,Asia
Iraq,2016,54.59,11191,36610632,Asia
Iraq,2017,58.71,10719,37552789,Asia
Iraq,2018,70.48,10346,38433604,Asia
Ireland,2010,189.49,53725,4554330,Europe
Ireland,2011,188.62,53813,4591115,Europe
Ireland,2012,191.55,53654,4608199,Europe
Ireland,2013,188.57,54027,4615426,Europe
Ireland,2014,201.65,58267,4626852,Europe
Ireland,2015,215.12,72251,4652420,Europe
Ireland,2016,226.77,72864,4695790,Europe
Ireland,2017,217.61,78656,4753281,Europe
Ireland,2018,216.22,84303,4818694,Europe
Israel,2010,67.63,34800,7346446,Asia
Israel,2011,71.06,35744,7487095,Asia
Israel,2012,72.11,35943,7614946,Asia
Israel,2013,65.70,36760,7734834,Asia
Israel,2014,62.82,37475,7854216,Asia
Israel,2015,59.75,37555,7978496,Asia
Israel,2016,58.33,38235,8108984,Asia
Israel,2017,56.48,38834,8243849,Asia
Israel,2018,58.96,39418,8381507,Asia
Italy,2010,52.01,42664,59325232,Europe
Italy,2011,55.15,42892,59589070,Europe
Italy,2012,55.65,41502,59879469,Europe
Italy,2013,54.87,40268,60166828,Europe
Italy,2014,55.32,39899,60409622,Europe
Italy,2015,56.42,40248,60578489,Europe
Italy,2016,55.37,40838,60663068,Europe
Italy,2017,58.60,41581,60673694,Europe
Italy,2018,60.30,42053,60627291,Europe
Jamaica,2010,80.92,9436,2810464,Africa
Jamaica,2011,83.82,9546,2825932,Africa
Jamaica,2012,82.04,9434,2842128,Africa
Jamaica,2013,83.26,9428,2858710,Africa
Jamaica,2014,84.74,9438,2875137,Africa
Jamaica,2015,76.12,9473,2891024,Africa
Jamaica,2016,76.46,9553,2906242,Africa
Jamaica,2017,83.52,9600,2920848,Africa
Jamaica,2018,89.98,9735,2934853,Africa
Japan,2010,28.61,37586,128542349,Asia
Japan,2011,30.39,37612,128498966,Asia
Japan,2012,30.64,38236,128423571,Asia
Japan,2013,34.15,39057,128314189,Asia
Japan,2014,37.55,39255,128168630,Asia
Japan,2015,35.64,39778,127985139,Asia
Japan,2016,31.54,40031,127763267,Asia
Japan,2017,34.57,40967,127502728,Asia
Japan,2018,36.82,41182,127202190,Asia
Jordan,2010,114.22,11316,7261541,Asia
Jordan,2011,118.70,11016,7662858,Asia
Jordan,2012,117.86,10688,8089963,Asia
Jordan,2013,111.45,10415,8518992,Asia
Jordan,2014,109.94,10285,8918822,Asia
Jordan,2015,95.36,10146,9266573,Asia
Jordan,2016,88.72,10037,9554286,Asia
Jordan,2017,90.16,10004,9785840,Asia
Jordan,2018,88.53,10013,9965322,Asia
Kazakhstan,2010,74.14,20751,16252273,Asia
Kazakhstan,2011,73.12,21970,16490669,Asia
Kazakhstan,2012,73.72,22703,16751523,Asia
Kazakhstan,2013,65.41,23721,17026118,Asia
Kazakhstan,2014,64.97,24356,17302619,Asia
Kazakhstan,2015,53.05,24290,17572010,Asia
Kazakhstan,2016,60.31,24211,17830902,Asia
Kazakhstan,2017,56.83,24863,18080023,Asia
Kazakhstan,2018,63.53,25544,18319616,Asia
Kenya,2010,54.23,3330,42030684,Africa
Kenya,2011,60.45,3439,43178270,Africa
Kenya,2012,57.77,3502,44343469,Africa
Kenya,2013,53.13,3612,45519986,Africa
Kenya,2014,51.30,3709,46700063,Africa
Kenya,2015,44.18,3825,47878339,Africa
Kenya,2016,37.70,3953,49051531,Africa
Kenya,2017,37.39,4046,50221146,Africa
Kenya,2018,36.15,4204,51392570,Africa
Kiribati,2010,90.82,1923,102930,Oceania
Kiribati,2011,100.76,1920,104735,Oceania
Kiribati,2012,104.60,1980,106359,Oceania
Kiribati,2013,105.81,2034,107887,Oceania
Kiribati,2014,116.12,1992,109387,Oceania
Kiribati,2015,123.02,2169,110927,Oceania
Kiribati,2016,128.83,2248,112529,Oceania
Kiribati,2017,119.61,2236,114153,Oceania
Kiribati,2018,98.39,2254,115842,Oceania
Kuwait,2010,97.03,58810,2991884,Asia
Kuwait,2011,99.09,60888,3168054,Asia
Kuwait,2012,101.01,61417,3348852,Asia
Kuwait,2013,97.61,58995,3526382,Asia
Kuwait,2014,100.04,56647,3690939,Asia
Kuwait,2015,98.70,54834,3835588,Asia
Kuwait,2016,96.16,54709,3956862,Asia
Kuwait,2017,97.84,50856,4056102,Asia
Kuwait,2018,103.12,50479,4137314,Asia
Kyrgyzstan,2010,133.23,4141,5422298,Asia
Kyrgyzstan,2011,136.18,4335,5517927,Asia
Kyrgyzstan,2012,139.68,4259,5621583,Asia
Kyrgyzstan,2013,134.03,4631,5731312,Asia
Kyrgyzstan,2014,125.13,4722,5844521,Asia
Kyrgyzstan,2015,110.96,4805,5959126,Asia
Kyrgyzstan,2016,105.82,4912,6074327,Asia
Kyrgyzstan,2017,100.62,5047,6189727,Asia
Kyrgyzstan,2018,98.88,5133,6304025,Asia
Latvia,2010,109.00,21024,2118855,Europe
Latvia,2011,121.51,22795,2093606,Europe
Latvia,2012,127.53,24061,2069018,Europe
Latvia,2013,124.20,24882,2044950,Europe
Latvia,2014,125.27,25387,2021220,Europe
Latvia,2015,122.28,26621,1997675,Europe
Latvia,2016,118.89,27503,1974265,Europe
Latvia,2017,123.90,28650,1951097,Europe
Latvia,2018,123.62,30036,1928461,Europe
Lebanon,2010,95.10,19499,4953064,Asia
Lebanon,2011,102.14,18727,5202022,Asia
Lebanon,2012,88.51,18039,5537620,Asia
Lebanon,2013,86.12,17538,5913016,Asia
Lebanon,2014,79.75,16970,6261046,Asia
Lebanon,2015,71.82,16299,6532681,Asia
Lebanon,2016,67.65,16101,6714281,Asia
Lebanon,2017,68.31,15988,6819373,Asia
Lebanon,2018,68.15,15588,6859408,Asia
Lesotho,2010,150.10,2347,1995575,Africa
Lesotho,2011,149.80,2445,2003793,Africa
Lesotho,2012,150.21,2585,2014988,Africa
Lesotho,2013,133.37,2614,2028528,Africa
Lesotho,2014,126.29,2639,2043448,Africa
Lesotho,2015,129.72,2701,2059011,Africa
Lesotho,2016,136.34,2777,2075041,Africa
Lesotho,2017,146.40,2668,2091532,Africa
Lesotho,2018,145.39,2615,2108327,Africa
Liberia,2010,111.77,1420,3891357,Africa
Liberia,2011,116.27,1488,4017446,Africa
Liberia,2012,122.17,1561,4135662,Africa
Liberia,2013,130.99,1652,4248337,Africa
Liberia,2014,136.97,1621,4359508,Africa
Liberia,2015,126.02,1580,4472229,Africa
Liberia,2016,121.68,1516,4586788,Africa
Liberia,2017,122.99,1516,4702224,Africa
Liberia,2018,120.34,1497,4818976,Africa
Libya,2010,107.70,22540,6197667,Africa
Libya,2011,99.62,8480,6247438,Africa
Libya,2012,114.37,18807,6285751,Africa
Libya,2013,135.26,16160,6320350,Africa
Libya,2014,138.90,12201,6362039,Africa
Libya,2015,114.25,11022,6418315,Africa
Libya,2016,70.21,10592,6492160,Africa
Libya,2017,89.73,13238,6580723,Africa
Libya,2018,92.77,15018,6678565,Africa
Lithuania,2010,129.89,23943,3123825,Europe
Lithuania,2011,148.45,25969,3083402,Europe
Lithuania,2012,155.84,27331,3045561,Europe
Lithuania,2013,155.89,28589,3008938,Europe
Lithuania,2014,142.72,29856,2971498,Europe
Lithuania,2015,138.55,30748,2931872,Europe
Lithuania,2016,134.45,31926,2889555,Europe
Lithuania,2017,144.87,33762,2845419,Europe
Lithuania,2018,148.64,35427,2801270,Europe
Luxembourg,2010,316.16,107703,507890,Europe
Luxembourg,2011,323.45,108011,519312,Europe
Luxembourg,2012,341.86,105076,530855,Europe
Luxembourg,2013,349.24,106427,542554,Europe
Luxembourg,2014,392.80,108415,554512,Europe
Luxembourg,2015,408.36,110446,566741,Europe
Luxembourg,2016,390.66,113036,579266,Europe
Luxembourg,2017,400.08,112308,591914,Europe
Luxembourg,2018,387.10,113590,604244,Europe
Macao,2010,119.94,118085,538215,Asia
Macao,2011,122.89,140322,550833,Asia
Macao,2012,123.71,149702,564037,Asia
Macao,2013,121.42,161971,577368,Asia
Macao,2014,118.64,155201,590210,Asia
Macao,2015,118.43,119440,602093,Asia
Macao,2016,112.10,116557,612824,Asia
Macao,2017,114.68,126184,622578,Asia
Macao,2018,115.54,132417,631633,Asia
Madagascar,2010,57.87,1553,21151640,Africa
Madagascar,2011,56.48,1535,21743970,Africa
Madagascar,2012,52.65,1539,22346641,Africa
Madagascar,2013,56.37,1532,22961259,Africa
Madagascar,2014,61.97,1541,23589897,Africa
Madagascar,2015,61.22,1547,24234080,Africa
Madagascar,2016,60.83,1566,24894370,Africa
Madagascar,2017,65.34,1584,25570511,Africa
Madagascar,2018,63.59,1592,26262313,Africa
Malaysia,2010,157.94,20536,28208028,Asia
Malaysia,2011,154.94,21289,28650962,Asia
Malaysia,2012,147.84,22132,29068189,Asia
Malaysia,2013,142.72,22856,29468923,Asia
Malaysia,2014,138.31,23906,29866606,Asia
Malaysia,2015,131.37,24788,30270965,Asia
Malaysia,2016,126.90,25542,30684652,Asia
Malaysia,2017,133.16,26662,31104655,Asia
Malaysia,2018,130.43,27558,31528033,Asia
Mali,2010,57.99,2083,15049352,Africa
Mali,2011,53.91,2085,15514593,Africa
Mali,2012,59.12,2008,15979492,Africa
Mali,2013,64.82,1995,16449854,Africa
Mali,2014,60.64,2075,16934213,Africa
Mali,2015,63.64,2140,17438772,Africa
Mali,2016,63.76,2199,17965448,Africa
Mali,2017,58.07,2247,18512429,Africa
Mali,2018,60.14,2284,19077755,Africa
Malta,2010,301.84,32868,414257,Europe
Malta,2011,319.70,32882,417720,Europe
Malta,2012,322.68,33929,421809,Europe
Malta,2013,304.33,35287,426144,Europe
Malta,2014,287.64,37230,430190,Europe
Malta,2015,299.47,39845,433559,Europe
Malta,2016,289.55,40537,436099,Europe
Malta,2017,283.75,42644,437935,Europe
Malta,2018,268.90,43313,439255,Europe
Marshall Islands,2010,148.72,3595,56361,Oceania
Marshall Islands,2011,152.80,3563,56524,Oceania
Marshall Islands,2012,156.84,3470,56712,Oceania
Marshall Islands,2013,160.42,3595,56933,Oceania
Marshall Islands,2014,150.10,3545,57183,Oceania
Marshall Islands,2015,136.51,3586,57444,Oceania
Marshall Islands,2016,113.78,3605,57723,Oceania
Marshall Islands,2017,122.73,3706,58053,Oceania
Marshall Islands,2018,125.55,3807,58412,Oceania
Mauritania,2010,93.42,4767,3494200,Africa
Mauritania,2011,98.49,4822,3598646,Africa
Mauritania,2012,110.79,4891,3706555,Africa
Mauritania,2013,102.40,4946,3817497,Africa
Mauritania,2014,91.61,5009,3930894,Africa
Mauritania,2015,91.10,5127,4046304,Africa
Mauritania,2016,79.29,5046,4163532,Africa
Mauritania,2017,91.99,5077,4282582,Africa
Mauritania,2018,96.56,5042,4403312,Africa
Mauritius,2010,113.46,16798,1247953,Africa
Mauritius,2011,117.54,17455,1251074,Africa
Mauritius,2012,119.50,18015,1253489,Africa
Mauritius,2013,109.97,18579,1255458,Africa
Mauritius,2014,108.14,19240,1257351,Africa
Mauritius,2015,105.01,19897,1259457,Africa
Mauritius,2016,97.99,20647,1261870,Africa
Mauritius,2017,97.37,21415,1264497,Africa
Mauritius,2018,94.98,22208,1267184,Africa
Mexico,2010,60.76,17790,114092961,North America
Mexico,2011,63.47,18186,115695468,North America
Mexico,2012,65.77,18595,117274156,North America
Mexico,2013,63.76,18600,118827158,North America
Mexico,2014,64.93,18888,120355137,North America
Mexico,2015,71.09,19269,121858251,North America
Mexico,2016,76.06,19539,123333379,North America
Mexico,2017,77.12,19721,124777326,North America
Mexico,2018,80.56,19928,126190782,North America
Micronesia (country),2010,105.81,3660,102916,Oceania
Micronesia (country),2011,106.90,3757,103448,Oceania
Micronesia (country),2012,111.36,3649,104506,Oceania
Micronesia (country),2013,113.26,3468,105922,Oceania
Micronesia (country),2014,105.86,3340,107444,Oceania
Micronesia (country),2015,105.30,3448,108886,Oceania
Micronesia (country),2016,100.64,3437,110215,Oceania
Micronesia (country),2017,101.02,3490,111461,Oceania
Micronesia (country),2018,100.85,3461,112640,Oceania
Moldova,2010,87.94,8550,4086090,Europe
Moldova,2011,98.62,9053,4079167,Europe
Moldova,2012,96.31,9001,4075804,Europe
Moldova,2013,95.69,9817,4074585,Europe
Moldova,2014,93.16,10314,4073407,Europe
Moldova,2015,89.33,10361,4070705,Europe
Moldova,2016,87.64,10943,4066013,Europe
Moldova,2017,85.64,11651,4059687,Europe
Moldova,2018,85.87,12363,4051950,Europe
Mongolia,2010,103.35,7480,2719902,Asia
Mongolia,2011,127.00,8613,2770357,Asia
Mongolia,2012,109.59,9488,2824698,Asia
Mongolia,2013,100.31,10384,2881783,Asia
Mongolia,2014,109.32,10980,2940111,Asia
Mongolia,2015,90.29,11023,2998433,Asia
Mongolia,2016,95.61,10940,3056358,Asia
Mongolia,2017,117.22,11312,3113788,Asia
Mongolia,2018,122.50,11916,3170214,Asia
Montenegro,2010,99.78,16764,624279,Europe
Montenegro,2011,106.66,17287,625271,Europe
Montenegro,2012,111.77,16802,625931,Europe
Montenegro,2013,102.77,17382,626342,Europe
Montenegro,2014,100.13,17675,626650,Europe
Montenegro,2015,102.69,18264,626957,Europe
Montenegro,2016,103.67,18798,627271,Europe
Montenegro,2017,105.55,19682,627563,Europe
Montenegro,2018,109.61,20687,627803,Europe
Morocco,2010,75.25,6281,32343384,Africa
Morocco,2011,83.43,6522,32781860,Africa
Morocco,2012,85.12,6625,33241898,Africa
Morocco,2013,80.02,6828,33715705,Africa
Morocco,2014,81.77,6912,34192358,Africa
Morocco,2015,77.20,7127,34663608,Africa
Morocco,2016,80.86,7106,35126274,Africa
Morocco,2017,84.00,7312,35581257,Africa
Morocco,2018,87.98,7447,36029089,Africa
Mozambique,2010,70.64,1027,23531567,Africa
Mozambique,2011,80.23,1073,24187500,Africa
Mozambique,2012,101.87,1120,24862673,Africa
Mozambique,2013,103.15,1165,25560752,Africa
Mozambique,2014,111.47,1217,26286192,Africa
Mozambique,2015,93.91,1263,27042001,Africa
Mozambique,2016,105.64,1274,27829930,Africa
Mozambique,2017,99.72,1284,28649007,Africa
Mozambique,2018,127.20,1290,29496009,Africa
Myanmar,2010,34.68,3130,50600827,Asia
Myanmar,2011,0.20,3280,50990612,Asia
Myanmar,2012,22.38,3491,51413703,Asia
Myanmar,2013,38.58,3753,51852464,Asia
Myanmar,2014,42.26,4020,52280816,Asia
Myanmar,2015,53.92,4269,52680724,Asia
Myanmar,2016,61.02,4483,53045199,Asia
Myanmar,2017,62.45,4740,53382521,Asia
Myanmar,2018,60.69,5029,53708318,Asia
Namibia,2010,108.07,9031,2118877,Africa
Namibia,2011,102.19,9325,2156698,Africa
Namibia,2012,100.21,9627,2194777,Africa
Namibia,2013,97.72,9991,2233506,Africa
Namibia,2014,103.08,10413,2273426,Africa
Namibia,2015,97.24,10663,2314901,Africa
Namibia,2016,93.97,10471,2358044,Africa
Namibia,2017,81.22,10171,2402623,Africa
Namibia,2018,81.60,10092,2448300,Africa
Nauru,2010,100.00,6689,10009,Oceania
Nauru,2011,128.36,7314,10069,Oceania
Nauru,2012,125.53,8091,10136,Oceania
Nauru,2013,164.58,10493,10208,Oceania
Nauru,2014,172.81,13176,10289,Oceania
Nauru,2015,178.33,13552,10374,Oceania
Nauru,2016,147.64,13902,10474,Oceania
Nauru,2017,117.69,12975,10577,Oceania
Nauru,2018,105.63,13636,10678,Oceania
Nepal,2010,45.98,2703,27013207,Asia
Nepal,2011,36.22,2793,27041220,Asia
Nepal,2012,37.92,2923,26989160,Asia
Nepal,2013,41.87,3034,26916795,Asia
Nepal,2014,45.98,3217,26905982,Asia
Nepal,2015,46.67,3332,27015033,Asia
Nepal,2016,42.12,3316,27263430,Asia
Nepal,2017,44.64,3565,27632682,Asia
Nepal,2018,48.45,3774,28095712,Asia
Netherlands,2010,131.52,52033,16682927,Europe
Netherlands,2011,142.47,52594,16738190,Europe
Netherlands,2012,149.27,51860,16791850,Europe
Netherlands,2013,149.55,51640,16843512,Europe
Netherlands,2014,150.05,52187,16892517,Europe
Netherlands,2015,157.82,52974,16938492,Europe
Netherlands,2016,148.86,53848,16981285,Europe
Netherlands,2017,156.03,55089,17021343,Europe
Netherlands,2018,158.82,56061,17059560,Europe
New Zealand,2010,58.25,37657,4370060,Oceania
New Zealand,2011,59.24,38214,4418674,Oceania
New Zealand,2012,57.02,38857,4468462,Oceania
New Zealand,2013,56.02,39599,4518519,Oceania
New Zealand,2014,55.16,40432,4567522,Oceania
New Zealand,2015,54.82,41086,4614527,Oceania
New Zealand,2016,52.32,41672,4659265,Oceania
New Zealand,2017,53.91,42285,4702029,Oceania
New Zealand,2018,55.49,42866,4743131,Oceania
Nicaragua,2010,100.36,4612,5824058,North America
Nicaragua,2011,111.83,4838,5903035,North America
Nicaragua,2012,115.18,5083,5982530,North America
Nicaragua,2013,110.98,5263,6062462,North America
Nicaragua,2014,106.70,5443,6142734,North America
Nicaragua,2015,98.19,5630,6223234,North America
Nicaragua,2016,93.81,5812,6303970,North America
Nicaragua,2017,96.38,6004,6384843,North America
Nicaragua,2018,93.98,5730,6465502,North America
Niger,2010,51.95,1037,16464025,Africa
Niger,2011,50.25,1021,17114770,Africa
Niger,2012,45.09,1086,17795209,Africa
Niger,2013,46.30,1099,18504287,Africa
Niger,2014,45.74,1128,19240182,Africa
Niger,2015,44.08,1132,20001663,Africa
Niger,2016,36.29,1152,20788789,Africa
Niger,2017,39.07,1164,21602388,Africa
Niger,2018,37.51,1201,22442831,Africa
Nigeria,2010,43.32,4932,158503203,Africa
Nigeria,2011,53.28,5057,162805080,Africa
Nigeria,2012,44.53,5131,167228803,Africa
Nigeria,2013,31.05,5329,171765819,Africa
Nigeria,2014,30.89,5516,176404931,Africa
Nigeria,2015,21.33,5515,181137454,Africa
Nigeria,2016,20.72,5285,185960244,Africa
Nigeria,2017,26.35,5190,190873247,Africa
Nigeria,2018,33.01,5155,195874685,Africa
North Macedonia,2010,97.88,13412,2070737,Europe
North Macedonia,2011,113.19,13715,2072484,Europe
North Macedonia,2012,112.21,13640,2074275,Europe
North Macedonia,2013,104.86,14027,2076065,Europe
North Macedonia,2014,112.54,14524,2077780,Europe
North Macedonia,2015,113.70,15073,2079335,Europe
North Macedonia,2016,116.19,15492,2080746,Europe
North Macedonia,2017,124.14,15650,2081996,Europe
North Macedonia,2018,133.22,16093,2082956,Europe
Norway,2010,68.25,61353,4885878,Europe
Norway,2011,69.67,61157,4948335,Europe
Norway,2012,68.22,61991,5013716,Europe
Norway,2013,67.55,61879,5079460,Europe
Norway,2014,68.66,62390,5142269,Europe
Norway,2015,69.86,62988,5199827,Europe
Norway,2016,68.94,63104,5250950,Europe
Norway,2017,69.16,64051,5296324,Europe
Norway,2018,70.21,64341,5337960,Europe
Oman,2010,92.51,33865,3041435,Asia
Oman,2011,98.83,32523,3251102,Asia
Oman,2012,99.71,32962,3498031,Asia
Oman,2013,105.40,32189,3764805,Asia
Oman,2014,98.53,30530,4027255,Asia
Oman,2015,91.32,30147,4267341,Asia
Oman,2016,78.78,30185,4479217,Asia
Oman,2017,86.41,29077,4665926,Asia
Oman,2018,90.45,28351,4829476,Asia
Pakistan,2010,32.87,3907,179424643,Asia
Pakistan,2011,32.94,3929,183340168,Asia
Pakistan,2012,32.81,3981,187280125,Asia
Pakistan,2013,33.33,4069,191260799,Asia
Pakistan,2014,30.90,4171,195305012,Asia
Pakistan,2015,27.65,4278,199426953,Asia
Pakistan,2016,25.31,4422,203631356,Asia
Pakistan,2017,25.85,4571,207906210,Asia
Pakistan,2018,29.04,4739,212228288,Asia
Palau,2010,125.24,15062,17954,Oceania
Palau,2011,140.46,16256,17748,Oceania
Palau,2012,150.11,16634,17635,Oceania
Palau,2013,148.47,16099,17603,Oceania
Palau,2014,153.71,17091,17625,Oceania
Palau,2015,133.86,18338,17665,Oceania
Palau,2016,126.02,18268,17718,Oceania
Palau,2017,127.76,17826,17809,Oceania
Palau,2018,125.11,18444,17911,Oceania
Palestine,2010,68.50,5411,4055632,Asia
Palestine,2011,67.25,5783,4149654,Asia
Palestine,2012,66.93,5986,4241572,Asia
Palestine,2013,66.27,6118,4333521,Asia
Palestine,2014,67.74,5967,4428634,Asia
Palestine,2015,70.78,6049,4529160,Asia
Palestine,2016,65.42,6439,4635644,Asia
Palestine,2017,68.45,6402,4747233,Asia
Palestine,2018,71.40,6318,4862978,Asia
Panama,2010,148.27,21343,3642691,North America
Panama,2011,162.49,23349,3706479,North America
Panama,2012,158.06,25196,3770635,North America
Panama,2013,137.63,26481,3835447,North America
Panama,2014,119.09,27353,3901311,North America
Panama,2015,99.94,28431,3968490,North America
Panama,2016,87.41,29332,4037073,North America
Panama,2017,87.43,30447,4106764,North America
Panama,2018,89.69,31013,4176868,North America
Paraguay,2010,81.26,10416,6248017,South America
Paraguay,2011,78.49,10715,6333981,South America
Paraguay,2012,74.76,10494,6421510,South America
Paraguay,2013,73.37,11209,6510273,South America
Paraguay,2014,69.08,11644,6599524,South America
Paraguay,2015,66.94,11828,6688746,South America
Paraguay,2016,67.79,12171,6777878,South America
Paraguay,2017,71.48,12591,6867058,South America
Paraguay,2018,72.53,12828,6956069,South America
Peru,2010,51.67,10066,29027680,South America
Peru,2011,55.99,10617,29264314,South America
Peru,2012,52.62,11176,29506790,South America
Peru,2013,49.79,11724,29773986,South America
Peru,2014,46.85,11877,30090372,South America
Peru,2015,45.16,12110,30470739,South America
Peru,2016,45.39,12404,30926036,South America
Peru,2017,47.51,12507,31444299,South America
Peru,2018,48.64,12781,31989265,South America
Philippines,2010,66.10,5918,93966784,Asia
Philippines,2011,60.80,6044,95570049,Asia
Philippines,2012,57.84,6351,97212639,Asia
Philippines,2013,55.82,6666,98871558,Asia
Philippines,2014,57.47,6974,100513137,Asia
Philippines,2015,59.14,7300,102113206,Asia
Philippines,2016,61.78,7705,103663812,Asia
Philippines,2017,68.17,8121,105172921,Asia
Philippines,2018,72.16,8516,106651394,Asia
Poland,2010,81.93,23996,38329784,Europe
Poland,2011,86.95,25124,38286824,Europe
Poland,2012,89.27,25457,38227033,Europe
Poland,2013,90.56,25759,38158043,Europe
Poland,2014,93.47,26650,38091095,Europe
Poland,2015,95.43,27797,38034076,Europe
Poland,2016,100.08,28683,37989218,Europe
Poland,2017,104.55,30065,37953176,Europe
Poland,2018,107.42,31674,37921585,Europe
Portugal,2010,67.78,31798,10596055,Europe
Portugal,2011,73.10,31305,10569388,Europe
Portugal,2012,76.05,30157,10526308,Europe
Portugal,2013,78.11,30043,10473025,Europe
Portugal,2014,80.28,30445,10418224,Europe
Portugal,2015,80.49,31119,10368346,Europe
Portugal,2016,79.27,31848,10325540,Europe
Portugal,2017,84.44,33045,10288527,Europe
Portugal,2018,86.43,34041,10256192,Europe
Puerto Rico,2010,104.15,32961,3579842,North America
Puerto Rico,2011,108.56,33225,3559862,North America
Puerto Rico,2012,103.31,33639,3536570,North America
Puerto Rico,2013,104.89,33922,3503865,North America
Puerto Rico,2014,102.38,34070,3453667,North America
Puerto Rico,2015,108.86,34311,3381512,North America
Puerto Rico,2016,110.28,34540,3283121,North America
Puerto Rico,2017,113.13,34364,3163676,North America
Puerto Rico,2018,106.06,34299,3039598,North America
Qatar,2010,86.07,95908,1856329,Asia
Qatar,2011,98.72,99147,2035862,Asia
Qatar,2012,105.75,96261,2196078,Asia
Qatar,2013,102.38,95500,2336579,Asia
Qatar,2014,99.03,95578,2459202,Asia
Qatar,2015,93.71,95965,2565708,Asia
Qatar,2016,89.55,95602,2654379,Asia
Qatar,2017,91.49,91739,2724727,Asia
Qatar,2018,91.84,90970,2781682,Asia
Romania,2010,71.40,20303,20471860,Europe
Romania,2011,80.00,20792,20336718,Europe
Romania,2012,80.35,21311,20227467,Europe
Romania,2013,80.97,22197,20132780,Europe
Romania,2014,83.28,23084,20035928,Europe
Romania,2015,83.59,23878,19925182,Europe
Romania,2016,84.60,25145,19796280,Europe
Romania,2017,86.52,27142,19653966,Europe
Romania,2018,87.14,28523,19506110,Europe
Russia,2010,50.36,23961,143479273,Europe
Russia,2011,48.04,24972,143703027,Europe
Russia,2012,47.15,25933,143993888,Europe
Russia,2013,46.29,26332,144325456,Europe
Russia,2014,47.80,26057,144664837,Europe
Russia,2015,49.36,25488,144985059,Europe
Russia,2016,46.52,25491,145275374,Europe
Russia,2017,46.88,25926,145530091,Europe
Russia,2018,51.58,26656,145734034,Europe
Rwanda,2010,37.30,1507,10039338,Africa
Rwanda,2011,39.74,1587,10293333,Africa
Rwanda,2012,40.56,1682,10549668,Africa
Rwanda,2013,42.72,1719,10811538,Africa
Rwanda,2014,43.93,1780,11083629,Africa
Rwanda,2015,45.23,1889,11369066,Africa
Rwanda,2016,49.51,1951,11668829,Africa
Rwanda,2017,53.68,1975,11980960,Africa
Rwanda,2018,55.76,2089,12301969,Africa
Samoa,2010,80.59,6006,185944,Oceania
Samoa,2011,82.34,6206,187469,Oceania
Samoa,2012,85.82,5901,189089,Oceania
Samoa,2013,80.52,5827,190712,Oceania
Samoa,2014,84.73,5785,192220,Oceania
Samoa,2015,78.03,5992,193510,Oceania
Samoa,2016,79.40,6441,194540,Oceania
Samoa,2017,78.70,6481,195358,Oceania
Samoa,2018,84.41,6322,196128,Oceania
Saudi Arabia,2010,82.55,44037,27421468,Asia
Saudi Arabia,2011,85.54,46989,28267591,Asia
Saudi Arabia,2012,83.51,48024,29154906,Asia
Saudi Arabia,2013,82.71,47848,30052058,Asia
Saudi Arabia,2014,80.64,48209,30916603,Asia
Saudi Arabia,2015,71.12,48921,31717676,Asia
Saudi Arabia,2016,61.86,48626,32443443,Asia
Saudi Arabia,2017,64.18,47306,33101182,Asia
Saudi Arabia,2018,66.69,47593,33702757,Asia
Senegal,2010,52.46,2797,12678143,Africa
Senegal,2011,57.58,2757,13033814,Africa
Senegal,2012,61.98,2789,13401990,Africa
Senegal,2013,60.63,2777,13782429,Africa
Senegal,2014,58.44,2868,14174740,Africa
Senegal,2015,58.11,2966,14578450,Africa
Senegal,2016,54.11,3068,14993514,Africa
Senegal,2017,57.71,3204,15419354,Africa
Senegal,2018,61.79,3309,15854324,Africa
Serbia,2010,76.73,14511,8991258,Europe
Serbia,2011,78.81,14924,8963761,Europe
Serbia,2012,85.47,14894,8940116,Europe
Serbia,2013,87.92,15400,8918892,Europe
Serbia,2014,92.23,15226,8898284,Europe
Serbia,2015,97.40,15578,8876777,Europe
Serbia,2016,101.86,16183,8853963,Europe
Serbia,2017,107.53,16611,8829623,Europe
Serbia,2018,109.49,17453,8802741,Europe
Seychelles,2010,201.88,20893,91273,Africa
Seychelles,2011,207.16,23141,91882,Africa
Seychelles,2012,216.48,23204,92608,Africa
Seychelles,2013,182.81,24150,93397,Africa
Seychelles,2014,187.26,24849,94214,Africa
Seychelles,2015,167.21,25500,94981,Africa
Seychelles,2016,173.68,26310,95711,Africa
Seychelles,2017,189.35,27243,96418,Africa
Seychelles,2018,182.35,27342,97094,Africa
Sierra Leone,2010,51.28,1414,6415636,Africa
Sierra Leone,2011,80.72,1469,6563238,Africa
Sierra Leone,2012,93.27,1654,6712586,Africa
Sierra Leone,2013,87.45,1953,6863975,Africa
Sierra Leone,2014,83.19,1998,7017153,Africa
Sierra Leone,2015,66.80,1552,7171909,Africa
Sierra Leone,2016,79.42,1611,7328846,Africa
Sierra Leone,2017,74.09,1643,7488427,Africa
Sierra Leone,2018,56.70,1663,7650149,Africa
Singapore,2010,369.69,78294,5131170,Asia
Singapore,2011,379.10,81538,5263640,Asia
Singapore,2012,369.21,83112,5369469,Asia
Singapore,2013,367.04,85733,5453732,Asia
Singapore,2014,360.47,87959,5525628,Asia
Singapore,2015,329.47,89520,5592143,Asia
Singapore,2016,303.32,91308,5653625,Asia
Singapore,2017,315.74,95350,5708042,Asia
Singapore,2018,325.34,98223,5757503,Asia
Sint Maarten (Dutch part),2010,216.87,43544,34166,North America
Sint Maarten (Dutch part),2011,213.58,46393,35050,North America
Sint Maarten (Dutch part),2012,217.45,45402,36238,North America
Sint Maarten (Dutch part),2013,237.45,43524,37580,North America
Sint Maarten (Dutch part),2014,205.22,42947,38872,North America
Sint Maarten (Dutch part),2015,187.96,41852,39967,North America
Sint Maarten (Dutch part),2016,182.06,40858,40812,North America
Sint Maarten (Dutch part),2017,164.61,37914,41444,North America
Sint Maarten (Dutch part),2018,171.72,35342,41936,North America
Slovakia,2010,154.73,25418,5404293,Europe
Slovakia,2011,169.11,26108,5408932,Europe
Slovakia,2012,176.33,26558,5414894,Europe
Slovakia,2013,181.40,26706,5421721,Europe
Slovakia,2014,178.19,27385,5428798,Europe
Slovakia,2015,180.95,28676,5435614,Europe
Slovakia,2016,184.48,29250,5442001,Europe
Slovakia,2017,188.20,30078,5447903,Europe
Slovakia,2018,190.86,31133,5453017,Europe
Slovenia,2010,127.49,33356,2043336,Europe
Slovenia,2011,139.28,33573,2051277,Europe
Slovenia,2012,142.38,32619,2057826,Europe
Slovenia,2013,143.76,32239,2063120,Europe
Slovenia,2014,145.55,33099,2067487,Europe
Slovenia,2015,146.30,33805,2071199,Europe
Slovenia,2016,146.66,34859,2074205,Europe
Slovenia,2017,157.28,36506,2076395,Europe
Slovenia,2018,161.10,37968,2077835,Europe
Solomon Islands,2010,101.99,2440,527861,Oceania
Solomon Islands,2011,109.26,2551,541522,Oceania
Solomon Islands,2012,105.48,2531,556066,Oceania
Solomon Islands,2013,100.11,2594,571329,Oceania
Solomon Islands,2014,93.51,2551,587079,Oceania
Solomon Islands,2015,87.45,2519,603133,Oceania
Solomon Islands,2016,85.53,2597,619438,Oceania
Solomon Islands,2017,87.69,2664,636030,Oceania
Solomon Islands,2018,91.24,2698,652856,Oceania
South Africa,2010,55.99,12452,51216967,Africa
South Africa,2011,60.11,12667,52003759,Africa
South Africa,2012,60.90,12744,52832659,Africa
South Africa,2013,64.24,12853,53687125,Africa
South Africa,2014,64.43,12884,54544184,Africa
South Africa,2015,61.62,12840,55386369,Africa
South Africa,2016,60.64,12703,56207649,Africa
South Africa,2017,57.97,12701,57009751,Africa
South Africa,2018,59.47,12628,57792520,Africa
South Korea,2010,91.40,34394,49545638,Asia
South Korea,2011,105.57,35389,49786153,Asia
South Korea,2012,105.46,36049,50060639,Asia
South Korea,2013,97.95,37021,50345720,Asia
South Korea,2014,90.61,37967,50607904,Asia
South Korea,2015,79.13,38829,50823087,Asia
South Korea,2016,73.60,39815,50983446,Asia
South Korea,2017,77.12,40957,51096408,Asia
South Korea,2018,78.99,41948,51171700,Asia
Spain,2010,52.93,37319,46931011,Europe
Spain,2011,58.79,36884,47084242,Europe
Spain,2012,60.85,35769,47063059,Europe
Spain,2013,62.00,35372,46930554,Europe
Spain,2014,63.87,35969,46777927,Europe
Spain,2015,64.21,37377,46671919,Europe
Spain,2016,63.77,38478,46634131,Europe
Spain,2017,66.69,39529,46647425,Europe
Spain,2018,67.57,40313,46692863,Europe
Sri Lanka,2010,46.36,9127,20261738,Asia
Sri Lanka,2011,54.98,9828,20398496,Asia
Sri Lanka,2012,51.49,10712,20532599,Asia
Sri Lanka,2013,49.26,10990,20663053,Asia
Sri Lanka,2014,50.25,11428,20788512,Asia
Sri Lanka,2015,49.56,11891,20908024,Asia
Sri Lanka,2016,49.64,12287,21021177,Asia
Sri Lanka,2017,50.89,12584,21128028,Asia
Sri Lanka,2018,53.51,12860,21228760,Asia
Sudan,2010,36.98,3090,34545014,Africa
Sudan,2011,31.58,3380,35349676,Africa
Sudan,2012,22.18,3786,36193781,Africa
Sudan,2013,27.74,3947,37072555,Africa
Sudan,2014,20.51,4125,37977657,Africa
Sudan,2015,18.61,4188,38902948,Africa
Sudan,2016,16.14,4235,39847433,Africa
Sudan,2017,18.95,4328,40813398,Africa
Sudan,2018,21.83,4345,41801532,Africa
Sweden,2010,84.25,47791,9390157,Europe
Sweden,2011,85.79,48947,9466705,Europe
Sweden,2012,85.28,48301,9542817,Europe
Sweden,2013,80.82,48462,9618016,Europe
Sweden,2014,82.93,49259,9692137,Europe
Sweden,2015,83.72,50929,9764949,Europe
Sweden,2016,82.32,51334,9836003,Europe
Sweden,2017,84.93,51948,9904895,Europe
Sweden,2018,89.13,52349,9971630,Europe
Switzerland,2010,117.88,65820,7808674,Europe
Switzerland,2011,123.09,66342,7906988,Europe
Switzerland,2012,124.07,66440,8008006,Europe
Switzerland,2013,130.89,66877,8108876,Europe
Switzerland,2014,116.29,67683,8206003,Europe
Switzerland,2015,113.12,68026,8296775,Europe
Switzerland,2016,119.73,68663,8379915,Europe
Switzerland,2017,119.27,69104,8455797,Europe
Switzerland,2018,119.83,70663,8525614,Europe
Tanzania,2010,47.64,2007,44346532,Africa
Tanzania,2011,56.17,2098,45673520,Africa
Tanzania,2012,54.37,2129,47053033,Africa
Tanzania,2013,48.63,2206,48483132,Africa
Tanzania,2014,45.36,2285,49960563,Africa
Tanzania,2015,40.76,2354,51482638,Africa
Tanzania,2016,35.42,2442,53049231,Africa
Tanzania,2017,32.24,2531,54660345,Africa
Tanzania,2018,32.64,2590,56313444,Africa
Thailand,2010,127.25,14399,67195032,Asia
Thailand,2011,139.68,14450,67518379,Asia
Thailand,2012,137.67,15425,67835969,Asia
Thailand,2013,132.46,15767,68144519,Asia
Thailand,2014,130.91,15854,68438748,Asia
Thailand,2015,124.84,16285,68714519,Asia
Thailand,2016,120.58,16782,68971313,Asia
Thailand,2017,120.89,17423,69209817,Asia
Thailand,2018,120.88,18096,69428454,Asia
Timor,2010,134.41,2930,1093517,Asia
Timor,2011,139.14,3045,1113154,Asia
Timor,2012,129.93,3172,1133002,Asia
Timor,2013,79.64,3183,1153288,Asia
Timor,2014,82.75,3265,1174333,Asia
Timor,2015,59.92,3298,1196294,Asia
Timor,2016,59.94,3345,1219289,Asia
Timor,2017,56.86,3145,1243260,Asia
Timor,2018,63.42,3052,1267975,Asia
Togo,2010,91.20,1626,6421674,Africa
Togo,2011,108.11,1684,6595939,Africa
Togo,2012,104.41,1747,6773807,Africa
Togo,2013,112.76,1805,6954721,Africa
Togo,2014,97.46,1863,7137997,Africa
Togo,2015,93.66,1920,7323162,Africa
Togo,2016,66.88,1977,7509952,Africa
Togo,2017,58.14,2012,7698476,Africa
Togo,2018,56.69,2061,7889095,Africa
Tonga,2010,73.19,5167,103981,Oceania
Tonga,2011,78.78,5542,103558,Oceania
Tonga,2012,78.04,5632,102736,Oceania
Tonga,2013,82.94,5703,101768,Oceania
Tonga,2014,75.63,5861,101023,Oceania
Tonga,2015,87.39,5944,100780,Oceania
Tonga,2016,90.22,6312,101143,Oceania
Tonga,2017,87.62,6467,102002,Oceania
Tonga,2018,86.86,6411,103199,Oceania
Tunisia,2010,104.15,10113,10635245,Africa
Tunisia,2011,104.53,9821,10741872,Africa
Tunisia,2012,106.53,10123,10846993,Africa
Tunisia,2013,103.45,10308,10952949,Africa
Tunisia,2014,100.83,10499,11063195,Africa
Tunisia,2015,91.01,10510,11179951,Africa
Tunisia,2016,90.78,10525,11303942,Africa
Tunisia,2017,100.00,10605,11433438,Africa
Tunisia,2018,109.96,10764,11565203,Africa
Turkey,2010,46.69,20028,72326992,Asia
Turkey,2011,53.30,21932,73443254,Asia
Turkey,2012,52.83,22611,74651046,Asia
Turkey,2013,52.53,24118,75925454,Asia
Turkey,2014,53.77,24882,77229262,Asia
Turkey,2015,51.09,25959,78529413,Asia
Turkey,2016,48.33,26385,79827868,Asia
Turkey,2017,55.76,27914,81116451,Asia
Turkey,2018,62.55,28313,82340090,Asia
Turkmenistan,2010,96.86,8617,5087211,Asia
Turkmenistan,2011,111.06,9718,5174076,Asia
Turkmenistan,2012,109.33,10604,5267906,Asia
Turkmenistan,2013,98.59,11471,5366376,Asia
Turkmenistan,2014,91.09,12421,5466324,Asia
Turkmenistan,2015,81.30,12994,5565283,Asia
Turkmenistan,2016,62.05,13563,5662371,Asia
Turkmenistan,2017,53.58,14205,5757667,Asia
Turkmenistan,2018,35.16,14845,5850902,Asia
Uganda,2010,38.43,1861,32428164,Africa
Uganda,2011,39.93,1972,33476771,Africa
Uganda,2012,43.69,1984,34558700,Africa
Uganda,2013,43.30,1990,35694519,Africa
Uganda,2014,36.17,2022,36911530,Africa
Uganda,2015,37.85,2054,38225447,Africa
Uganda,2016,31.34,2075,39649173,Africa
Uganda,2017,36.84,2075,41166588,Africa
Uganda,2018,36.65,2122,42729032,Africa
Ukraine,2010,98.14,11778,45792086,Europe
Ukraine,2011,106.24,12467,45619850,Europe
Ukraine,2012,104.09,12527,45453805,Europe
Ukraine,2013,95.15,12553,45286988,Europe
Ukraine,2014,100.69,12409,45111530,Europe
Ukraine,2015,107.81,11237,44921636,Europe
Ukraine,2016,105.52,11535,44713708,Europe
Ukraine,2017,103.72,11871,44487708,Europe
Ukraine,2018,99.12,12338,44246158,Europe
United Arab Emirates,2010,143.88,54922,8549998,Asia
United Arab Emirates,2011,151.67,56123,8946778,Asia
United Arab Emirates,2012,164.25,57391,9141598,Asia
United Arab Emirates,2013,165.28,59922,9197908,Asia
United Arab Emirates,2014,168.49,62379,9214182,Asia
United Arab Emirates,2015,175.22,65219,9262896,Asia
United Arab Emirates,2016,176.75,66511,9360975,Asia
United Arab Emirates,2017,175.00,67184,9487206,Asia
United Arab Emirates,2018,159.73,66968,9630966,Asia
United Kingdom,2010,58.44,42089,63459801,Europe
United Kingdom,2011,62.38,42294,64021922,Europe
United Kingdom,2012,61.21,42602,64525300,Europe
United Kingdom,2013,61.14,43243,64984015,Europe
United Kingdom,2014,57.95,44154,65423048,Europe
United Kingdom,2015,56.00,44841,65860149,Europe
United Kingdom,2016,58.28,45269,66297944,Europe
United Kingdom,2017,61.66,45745,66727463,Europe
United Kingdom,2018,62.97,46038,67141678,Europe
United States,2010,28.06,54316,309011469,North America
United States,2011,30.79,54759,311584051,North America
United States,2012,30.57,55581,314043885,North America
United States,2013,30.01,56214,316400539,North America
United States,2014,29.96,57213,318673422,North America
United States,2015,27.73,58540,320878312,North America
United States,2016,26.50,59112,323015992,North America
United States,2017,27.14,60110,325084758,North America
United States,2018,27.49,61586,327096263,North America
Uruguay,2010,51.70,19294,3359273,South America
Uruguay,2011,53.25,20232,3368926,South America
Uruguay,2012,55.06,20885,3378975,South America
Uruguay,2013,49.72,21786,3389436,South America
Uruguay,2014,49.09,22419,3400439,South America
Uruguay,2015,45.33,22426,3412013,South America
Uruguay,2016,48.57,22724,3424139,South America
Uruguay,2017,46.80,23010,3436645,South America
Uruguay,2018,47.83,23035,3449290,South America
Uzbekistan,2010,47.66,4652,28515908,Asia
Uzbekistan,2011,46.60,4881,28977006,Asia
Uzbekistan,2012,41.51,5164,29449415,Asia
Uzbekistan,2013,41.05,5470,29932630,Asia
Uzbekistan,2014,35.95,5764,30426394,Asia
Uzbekistan,2015,30.44,6087,30929556,Asia
Uzbekistan,2016,29.75,6346,31441753,Asia
Uzbekistan,2017,45.68,6519,31959774,Asia
Uzbekistan,2018,66.63,6755,32476232,Asia
Vanuatu,2010,103.82,3089,236216,Oceania
Vanuatu,2011,97.00,3101,242658,Oceania
Vanuatu,2012,104.45,3047,249505,Oceania
Vanuatu,2013,106.41,2976,256637,Oceania
Vanuatu,2014,105.39,2985,263888,Oceania
Vanuatu,2015,113.05,2916,271128,Oceania
Vanuatu,2016,109.54,2973,278326,Oceania
Vanuatu,2017,105.53,3082,285499,Oceania
Vanuatu,2018,116.63,3093,292675,Oceania
Vietnam,2010,152.22,5089,87967655,Asia
Vietnam,2011,162.91,5352,88871384,Asia
Vietnam,2012,156.55,5574,89801926,Asia
Vietnam,2013,165.09,5815,90752593,Asia
Vietnam,2014,169.53,6099,91713850,Asia
Vietnam,2015,178.77,6438,92677082,Asia
Vietnam,2016,184.69,6768,93640435,Asia
Vietnam,2017,200.38,7155,94600643,Asia
Vietnam,2018,208.31,7586,95545959,Asia
Zambia,2010,67.90,3126,13605986,Africa
Zambia,2011,76.21,3201,14023199,Africa
Zambia,2012,79.10,3339,14465148,Africa
Zambia,2013,80.46,3400,14926551,Africa
Zambia,2014,76.19,3450,15399793,Africa
Zambia,2015,79.87,3444,15879370,Africa
Zambia,2016,73.96,3468,16363449,Africa
Zambia,2017,71.59,3485,16853608,Africa
Zambia,2018,74.89,3522,17351714,Africa
Zimbabwe,2010,83.12,2458,12697728,Africa
Zimbabwe,2011,89.47,2764,12894323,Africa
Zimbabwe,2012,74.16,3171,13115149,Africa
Zimbabwe,2013,58.66,3177,13350378,Africa
Zimbabwe,2014,54.67,3196,13586710,Africa
Zimbabwe,2015,56.75,3199,13814642,Africa
Zimbabwe,2016,51.22,3174,14030338,Africa
Zimbabwe,2017,46.26,3275,14236599,Africa
Zimbabwe,2018,30.55,3342,14438812,Africa